Name,GSTIN,Customer ID,Email,Number,City
Florine Beahan,24AABFU1871A160,LXM/CST/1,Georgia_Zaoui5836@ds59r.site,68-117-35369,Vadodara
Claudia Crist,23AHWPB1707F138,LXM/CST/2,Norah_Scott9430@ckzyi.website,93-452-23399,Surat
Dr. Annabelle Koch,24AAJFM5392J189,LXM/CST/3,Russel_Wood7902@ohqqh.website,58-683-67577,Gandhinagar
Orion Stiedemann,24AJGPP9575E267,LXM/CST/4,John_Addis7989@nb44i.media,86-395-33242,Rajkot
Citlalli Heaney,24AQNPK1266H180,LXM/CST/5,Ruth_Haines3373@dbxli.zone,88-861-28057,Bhavnagar
Guillermo Weimann,24AGOPP3739B158,LXM/CST/6,Nancy_Tanner2850@yvu30.property,40-256-88104,Rewa
Jannie Ebert,24AABFU3450A186,LXM/CST/7,Harvey_Lakey8336@ptr6k.host,49-227-68233,Burhanpur
Nannie Heathcote,24BAXPP9011N167,LXM/CST/8,Julius_Bryant2914@dvqq2.software,16-296-31578,Satna
Chandler Stiedemann,24ABGPH2188P161,LXM/CST/9,Josh_Tobin6797@cke3u.space,85-398-28692,Morena
Miss Noemy Kutch,23AHWPB4866F151,LXM/CST/10,Rylee_Farrow9582@6ijur.site,62-722-03989,Pithampur
Hosea Watsica,24AQNPK3705H112,LXM/CST/11,Rylee_Verdon9173@ag5wi.audio,61-585-84331,Vadodara
Brennan Goldner,24AZTPP9152J166,LXM/CST/12,Julian_Poole9052@nmz0p.store,15-794-47406,Surat
Mr. Gabe Upton,24AAMFP3130C136,LXM/CST/13,Charlize_Mann9138@lyvnc.org,95-445-33905,Gandhinagar
Miss Enos OKon,23AHQPP7479D141,LXM/CST/14,Denis_Hogg9013@lyvnc.org,59-408-45719,Rajkot
Juvenal Kihn,23AMKPL9171R135,LXM/CST/15,Chuck_Dale9558@v1wn5.org,54-784-93366,Bhavnagar
Afton Frami,23AMKPL6962R170,LXM/CST/16,Nate_Avery5760@iaart.info,57-797-20190,Rewa
Stella Becker,23AMKPL9775R136,LXM/CST/17,Barney_Antcliff9336@yvu30.center,34-738-80595,Burhanpur
Marietta Lebsack,24AJXPP7677P195,LXM/CST/18,Margaret_Ashwell898@avn7d.design,96-321-79232,Satna
Erik Frami,24AAHFV4108Q153,LXM/CST/19,Tony_Becker2281@yvu30.website,28-818-66948,Morena
Justine Boyle,24AAHFV2275Q186,LXM/CST/20,Russel_Wheeler1762@y96lx.store,92-252-77027,Pithampur
Joannie Renner,24ANXPP8994Q249,LXM/CST/21,Nicholas_Vaughan5677@chkzl.app,99-184-46453,Vadodara
Mr. Heath Gibson,24ANXPP4250Q235,LXM/CST/22,Daniel_Lewin6914@evyvh.tech,85-535-63277,Surat
Allene Greenfelder V,24AUMPR9188E258,LXM/CST/23,Kieth_Calderwood262@chkzl.app,64-723-54368,Gandhinagar
Elroy Harris,24BBLPC6912E194,LXM/CST/24,John_Irwin6844@bcfhs.us,24-019-69246,Rajkot
Jose Lakin,24AZTPP9920J162,LXM/CST/25,Chester_Richardson7618@yfxpw.digital,81-179-37063,Bhavnagar
Alek Prosacco,24ACGPM4876C185,LXM/CST/26,Mya_Andersson866@uagvw.zone,13-182-26097,Rewa
Lupe Gottlieb I,24ACGPM9308C120,LXM/CST/27,Erick_Carpenter2480@cke3u.store,61-676-28551,Burhanpur
Melyna Bergstrom,24AIRPP8798M155,LXM/CST/28,Sloane_Ellery6666@p5emz.digital,87-345-76005,Satna
Peggie Mertz,24AIRPP6795M153,LXM/CST/29,Trisha_Ward2098@bqkv0.works,26-743-18501,Morena
Maddison Moen,24ASAPS9127P120,LXM/CST/30,Elijah_Keys3965@ohqqh.shop,79-729-34018,Pithampur
Camylle Hudson III,24ASAPS9215P184,LXM/CST/31,Sage_Morrison6312@zynuu.works,39-476-29111,Vadodara
Mariela Corkery DDS,24ASAPS5023P142,LXM/CST/32,Domenic_Morgan1111@xtwt3.zone,91-995-35590,Surat
Elda Bernier,24ACGPM7802C178,LXM/CST/33,Sonya_Duvall5188@ag5wi.net,33-857-01869,Gandhinagar
Chanel Tromp,24ACGPM6553C164,LXM/CST/34,Alexander_Redden2752@lhp4j.shop,22-922-39416,Rajkot
Mrs. Eva Aufderhar,24AACFA8081J167,LXM/CST/35,Owen_Rust2583@nb44i.services,62-836-02374,Bhavnagar
Judah Russel,24BAXPP8897N187,LXM/CST/36,Caleb_Collingwood7563@hepmv.design,90-082-12961,Rewa
Dillan Langworth,24AAMFP9833C151,LXM/CST/37,Mike_Thompson8371@nanoff.shop,39-244-59113,Burhanpur
Carson Murray,24BAXPP1755N128,LXM/CST/38,Mason_Owen1967@avn7d.ca,95-485-39195,Satna
Carol Pacocha,24BAXPP6644N138,LXM/CST/39,Ronald_Kelly6723@xqj6f.club,40-577-39692,Morena
Evangeline Considine,23APIPC6977R279,LXM/CST/40,Benny_Rainford6144@chkzl.info,91-194-62324,Pithampur
Darron Hagenes,24AWXPP6698K138,LXM/CST/41,Irene_Booth1009@p5emz.page,50-623-01587,Vadodara
Mathias Little,23AMKPL5123R128,LXM/CST/42,John_Locke9961@yafr7.property,64-420-60783,Surat
Jade Harªann,24ASAPS9017P194,LXM/CST/43,Lucy_Hill728@avn7d.store,62-800-09776,Gandhinagar
Celestino Murray,24AMMPP5585K186,LXM/CST/44,Piper_Ebbs5665@uagvw.autos,40-543-21505,Rajkot
Maddison OConner,24AMMPP1505K155,LXM/CST/45,Adelaide_Lewis5048@jcf8v.services,26-394-63728,Bhavnagar
Royce Barton,24ACVPP8381E161,LXM/CST/46,Cadence_Edler2708@d9un8.website,89-523-91479,Rewa
Meredith Hills,24ABIPP9239C152,LXM/CST/47,Ramon_Dixon9222@cke3u.space,53-016-04630,Burhanpur
Dalton Harvey,24BAXPP4938N124,LXM/CST/48,Barry_Irwin4378@6ijur.store,96-484-08040,Satna
Tom Goyette V,24BAXPP5820N166,LXM/CST/49,Liam_Ashley8305@dbxli.mobi,90-038-42961,Morena
Miss Bianka Casper,24AABFU2432A133,LXM/CST/50,Johnathan_Tanner2781@avn7d.site,40-191-17331,Pithampur
Antonette Prohaska,24DECPS2680C294,LXM/CST/51,Jamie_Stuart9676@ohqqh.edu,75-194-43991,Vadodara
Clarabelle Vandervort,24AASFG6457B175,LXM/CST/52,Nicole_James7250@nb44i.info,85-346-38087,Surat
Mr. Cordie Jewess,24BAXPP2216N182,LXM/CST/53,Eduardo_Ramsey5657@gnjps.press,45-165-89109,Gandhinagar
Jeramie Predovic,24AAMFP6410C126,LXM/CST/54,Peter_Farrant7978@ckzyi.host,45-784-31207,Rajkot
Mrs. Stanton Hoeger,24AIRPP2099M138,LXM/CST/55,Savannah_Kelly6289@y96lx.org,62-321-78681,Bhavnagar
Leta Kulas,24ASAPS6251P172,LXM/CST/56,Vanessa_May8744@6ijur.zone,22-045-74231,Rewa
Meagan Dach,24ASAPS4721P148,LXM/CST/57,Carol_Nobbs2635@cke3u.media,23-246-81340,Burhanpur
Lora Haag,24ACZFS2925Q126,LXM/CST/58,Ethan_Thorpe1786@xqj6f.press,84-503-23706,Satna
Eddie Kuvalis III,24AAMFP5124C170,LXM/CST/59,Chester_Whitmore120@nanoff.zone,22-377-60875,Morena
Eldred Ryan,24AALFB3719B191,LXM/CST/60,Angel_Doherty5347@nmz0p.business,23-167-95733,Pithampur
Josianne Fisher PhD,24ADGPP8913D156,LXM/CST/61,Liliana_Evans6675@bcfhs.pro,20-956-37673,Vadodara
Hermina Abshire,24ADGPP7985D183,LXM/CST/62,Evie_Edwards9762@cdpfn.club,24-120-06793,Surat
Ms. Leonel Tromp,24ASAPS9717P173,LXM/CST/63,Emely_Coates7125@uagvw.center,78-777-88268,Gandhinagar
Kenyatta Flatley,24ASAPS8220P130,LXM/CST/64,Mark_Adler1024@bqkv0.online,73-438-58025,Rajkot
Felix Farrell,24ABIPP7315C121,LXM/CST/65,Mandy_Bailey986@ohqqh.meet,26-225-46898,Bhavnagar
Saul Morissette,24AALFB7281B114,LXM/CST/66,Irene_Logan1838@c2nyu.page,76-600-16845,Rewa
Sid Crona,24BAXPP2680N142,LXM/CST/67,Roger_Pitt9691@1wa8o.catering,30-666-05963,Burhanpur
Taryn Dickinson,24AIRPP7262M177,LXM/CST/68,Tom_Shelton5191@mpibr.name,99-360-35700,Satna
Mrs. Zetta Kunze,24AADCK7637P124,LXM/CST/69,David_Townend4605@1kmd3.info,56-206-56713,Morena
Alanis Upton,24ACSPP1650K174,LXM/CST/70,Aiden_Cartwright9978@y96lx.club,90-458-26295,Pithampur
America Hodkiewicz II,24AAJFM2082J157,LXM/CST/71,Mark_Dillon7201@dvqq2.club,87-186-44925,Vadodara
Amely Collins,24AABFU1596A147,LXM/CST/72,Rufus_Coll6922@d9un8.business,61-174-57827,Surat
Estella Buckridge,24AABFU4219A139,LXM/CST/73,Esmeralda_Nelson7323@dbxli.meet,54-982-35861,Gandhinagar
Newell Stamm DDS,24ADQFS3531M192,LXM/CST/74,Harry_Lynn7149@c2nyu.host,71-157-04367,Rajkot
Camylle Kuhlman,24ADQFS8408M131,LXM/CST/75,Mina_Windsor9936@karnv.biz,84-461-61102,Bhavnagar
Jacey Pouros,24AAJFM4512J161,LXM/CST/76,Tony_Eaton9718@3wbkp.property,43-187-90930,Rewa
Citlalli Batz Jr.,24ASAPS7011P143,LXM/CST/77,Chloe_Kidd7947@6ijur.software,88-268-87561,Burhanpur
Dwight Cummings,24AQNPK5754H113,LXM/CST/78,Boris_Kent6588@v1wn5.store,90-652-94960,Satna
Orin Jerde,24BAXPP2393N162,LXM/CST/79,Destiny_Roscoe1495@bu2lo.business,51-987-08416,Morena
Viola Gutkowski,23AHWPB8396F136,LXM/CST/80,Piper_Reid5025@d9un8.meet,71-587-25959,Pithampur
Brennan Dickens,23AHWPB8062F167,LXM/CST/81,Henry_Townend6651@evyvh.solutions,86-420-99808,Vadodara
Blaise Zulauf,24APKPP2178D194,LXM/CST/82,Sebastian_Mills182@yahoo.app,75-004-54212,Surat
Mrs. Destinee Schmeler,24AOIPP2646J165,LXM/CST/83,Ryan_Johnson6107@y96lx.host,82-520-37720,Gandhinagar
Juana Nienow,24ATJPR9292A170,LXM/CST/84,Camellia_Vass7336@mpibr.store,23-444-26449,Rajkot
Ona Gerlach,24AADCK7214P173,LXM/CST/85,Bob_Young5734@voylg.solutions,22-704-02718,Bhavnagar
Margarita Feil,23ABZPM4587J127,LXM/CST/86,Maggie_Quinnell515@y96lx.video,45-634-13745,Rewa
Shawna Marquardt,24AWXPP2024K186,LXM/CST/87,Rufus_Maxwell692@yafr7.directory,28-257-04391,Burhanpur
Reece Nader,23ABZPM1160J162,LXM/CST/88,Mason_Ellis5899@cke3u.site,61-451-66878,Satna
Wade Champlin,24AABFU9740A123,LXM/CST/89,Crystal_Murray6815@ohqqh.us,21-684-99309,Morena
Philip Schmeler,24ANXPP8253Q233,LXM/CST/90,Rufus_Stone3194@yafr7.property,84-159-88376,Pithampur
Earnestine Kihn,24AIRPP6505M195,LXM/CST/91,Candace_Spencer8631@dvqq2.works,13-721-13632,Vadodara
Ms. Godfrey Keebler,24AAMFP6558C177,LXM/CST/92,Cedrick_Taylor7596@xqj6f.site,43-160-27379,Surat
Samir Heaney,24ASAPS1812P127,LXM/CST/93,Tara_Newton1381@1wa8o.audio,86-408-56550,Gandhinagar
Mathilde Wolf,24AAJFM1560J177,LXM/CST/94,Holly_Hill4450@dbxli.business,79-347-30473,Rajkot
Margarette DuBuque,24AQNPK8327H154,LXM/CST/95,Maxwell_Simpson9344@xqj6f.site,60-709-03062,Bhavnagar
Doris Cartwright PhD,24AZTPP8972J195,LXM/CST/96,Hayden_Attwood2449@cdpfn.shop,78-120-96048,Rewa
Shaniya VonRueden,24AAMFP6221C111,LXM/CST/97,Gloria_Freeburn164@nmz0p.store,20-981-73067,Burhanpur
Stanley Hand,24ASAPS1536P131,LXM/CST/98,Deborah_Rehman3061@iaart.zone,21-132-65285,Satna
Royce Mayer,24ACSPP1023K157,LXM/CST/99,Chris_Maxwell1020@mpibr.video,23-097-70625,Morena
Harold Wolf V,24AJGPP6027E298,LXM/CST/100,Rufus_Wright1285@1wa8o.host,18-809-70578,Pithampur
Mozell Hintz,24AJGPP1138E230,LXM/CST/101,Abbey_Stuart9721@cdpfn.autos,43-997-83414,Vadodara
Archibald Prohaska,24AZTPP6315J115,LXM/CST/102,Eileen_Collis9116@yafr7.tech,88-187-89816,Surat
Hillary Cormier Sr.,24AWXPP1935K164,LXM/CST/103,Aleksandra_Becker197@hepmv.zone,29-716-32548,Gandhinagar
Ms. Mac Rogahn,24ASAPS7823P194,LXM/CST/104,Mike_Thompson1934@qu9ml.host,98-768-70596,Rajkot
Nathen Ryan,24ACSPP6488K189,LXM/CST/105,Caleb_Khan9027@qu9ml.mobi,22-136-33444,Bhavnagar
Gabe Mraz,24AAJFM9655J112,LXM/CST/106,Mike_Plumb5629@bu2lo.store,58-373-31476,Rewa
Hal Nitzsche,24BAXPP2362N119,LXM/CST/107,Gil_Preston2044@chkzl.property,69-105-61773,Burhanpur
Hassan Bailey Sr.,24ABGPH2301P168,LXM/CST/108,Carter_Page 260@bcfhs.pro,43-882-73608,Satna
Miss Rosalia Moen,24ADOPP8228H139,LXM/CST/109,Carl_Lewis3987@yfxpw.directory,82-106-81748,Morena
Kattie Beahan,24AYOPR8960C153,LXM/CST/110,Elijah_Pierce5246@ds59r.website,51-240-68610,Pithampur
Roslyn Williamson,24AYOPR5613C144,LXM/CST/111,Liam_Rose6309@c2nyu.solutions,65-587-87898,Vadodara
Lisandro Heidenreich,24AYOPR4521C167,LXM/CST/112,Ryan_Wheeler492@avn7d.shop,44-768-29172,Surat
Mrs. Osvaldo Shanahan,24AAMFA4199A165,LXM/CST/113,Ramon_Ebden2311@p5emz.biz,60-289-47236,Gandhinagar
Milo Harber III,24AWXPP2299K134,LXM/CST/114,Mark_Mcneill2063@gkvds.business,81-261-05869,Rajkot
Melody Stoltenberg,24ADGPP1327D110,LXM/CST/115,Paula_Walton3153@crzq7.center,89-493-30696,Bhavnagar
Dayton Miller,24ADGPP9471D178,LXM/CST/116,Mara_Simmons3113@avn7d.net,61-210-70883,Rewa
Mr. Orie Powlowski,24ADGPP8124D120,LXM/CST/117,Clarissa_Newton8141@ds59r.online,27-882-73145,Burhanpur
Sharon Roob,24BAXPP1961N118,LXM/CST/118,Davina_Lunt7547@ckzyi.business,76-069-95241,Satna
Edgardo Pagac I,23AFJPG9822G142,LXM/CST/119,Kieth_Ebbs9138@zynuu.shop,42-157-42626,Morena
Miss Arlo Dietrich,23AFJPG4961G113,LXM/CST/120,Harvey_Williams9101@xtwt3.press,97-063-07996,Pithampur
Ransom King MD,23ABSPP1847C161,LXM/CST/121,Henry_Nayler9403@jcf8v.services,65-534-57531,Vadodara
Bertrand Kunde V,23ABSPP7581C135,LXM/CST/122,Peter_Graham5872@ckzyi.space,40-561-92886,Surat
Chanel Hermann,24ADFPP5410H127,LXM/CST/123,Hayden_Atkinson1733@v1wn5.host,46-974-67592,Gandhinagar
Jordy Barrows,24AAGFG8934H181,LXM/CST/124,Lily_Farrant8776@nb44i.pro,75-051-78308,Rajkot
Alice Douglas,23ABZPM3495J177,LXM/CST/125,Anais_Connell661@yahoo.shop,31-405-91918,Bhavnagar
Abe Johnson Jr.,24AIRPP5726M160,LXM/CST/126,Danny_Vane4362@cke3u.autos,62-904-35721,Rewa
Laney Block IV,24AAMFP7970C171,LXM/CST/127,William_Burge925@zynuu.website,65-156-53505,Burhanpur
Graham Klein,24AAHFV2702Q178,LXM/CST/128,Marilyn_Ranks5652@evyvh.business,24-078-30065,Satna
Arely Baumbach,24ABNPP8102E164,LXM/CST/129,Maria_Roman393@gkvds.shop,36-535-77881,Morena
Dino Ritchie,24BAXPP6022N177,LXM/CST/130,Jenna_Robertson8992@lhp4j.property,34-006-79850,Pithampur
Mr. Piper Adams,24AYOPR3473C189,LXM/CST/131,Manuel_Jennson4424@gkvds.space,39-472-54084,Vadodara
Dandre Sanford,24AHJPR3753M257,LXM/CST/132,Nick_Adler909@yvu30.info,59-765-22692,Surat
Raul Yundt,24AJXPP2129P185,LXM/CST/133,Carter_Morris1006@urn0m.center,50-807-88273,Gandhinagar
Jessy Jenkins,24AAMFP9950C191,LXM/CST/134,Tania_Hunt5044@ptr6k.online,78-243-01537,Rajkot
Stanley Padberg,24ADGPP1120D184,LXM/CST/135,Selena_Moore3627@zynuu.property,29-234-90824,Bhavnagar
Dr. Crystal Thiel,24ADGPP4626D123,LXM/CST/136,Sebastian_Brett6640@bqkv0.business,72-092-05651,Rewa
Aletha Casper,24ADGPP6739D143,LXM/CST/137,Fred_Page 4813@ptr6k.autos,91-353-55882,Burhanpur
Eldred Murazik,24AYOPR2781C187,LXM/CST/138,Trisha_Hunt3897@yahoo.business,60-621-52547,Satna
Kale Schaefer,24AZTPP8690J199,LXM/CST/139,Melinda_Cooper936@yfxpw.website,76-130-30754,Morena
Kadin Kovacek,24AACFA5445J160,LXM/CST/140,Bree_Patel8227@c2nyu.store,59-299-52169,Pithampur
Jaquan Moore,24AEIPA6652F153,LXM/CST/141,Belinda_Gardner1775@yvu30.com,40-413-83593,Vadodara
Shanelle Crooks,24BWJPK3199G128,LXM/CST/142,Britney_Moss9638@avn7d.name,46-351-07816,Surat
Triston Block DVM,24BWJPK4229G115,LXM/CST/143,Audrey_Benson7664@cke3u.com,80-183-75306,Gandhinagar
Mr. Lindsay Barrows,24AABFU3358A159,LXM/CST/144,Nathan_Ashwell8346@yfxpw.shop,81-016-50333,Rajkot
Greyson Hane,24ADGPP4894D160,LXM/CST/145,Eileen_Mills4465@nmz0p.press,66-380-29643,Bhavnagar
Hillard Kunze,24AADCK8551P145,LXM/CST/146,Barney_Brett23@kyb7t.autos,99-403-35354,Rewa
Ms. Giovani Yost,24AAMFP6029C196,LXM/CST/147,Tony_Robinson735@v1wn5.website,20-528-19797,Burhanpur
Rupert Mertz,24AZTPP6301J168,LXM/CST/148,Russel_Ellis80@gnjps.ca,30-224-45743,Satna
Kale Wunsch,24AIRPP2297M155,LXM/CST/149,Taylor_Cork7128@ag5wi.works,22-936-66967,Morena
Milford Dicki,24BBLPC2131E147,LXM/CST/150,Leroy_Eyres2654@bqkv0.site,92-243-77046,Pithampur
Kaylie McGlynn,24ABNPP9822E148,LXM/CST/151,Danny_Sherry3818@iaart.design,37-284-11228,Vadodara
Theresia Bergnaum,24ABNPP9071E121,LXM/CST/152,Cherish_Anderson4570@zynuu.site,49-587-24936,Surat
Mrs. Elmira Harªann,24BAXPP9497N124,LXM/CST/153,Juliette_Rainford2676@ohqqh.property,63-100-63584,Gandhinagar
Lucile Dicki,24ADFFS1934E170,LXM/CST/154,Nick_Rust8370@jh02o.design,91-503-33463,Rajkot
Rosalyn Sawayn,24AAHFV8202Q155,LXM/CST/155,Enoch_Samuel7597@dvqq2.website,82-390-10477,Bhavnagar
Miss Devan Ruecker,24ABNPP5852E125,LXM/CST/156,Carla_Richards5205@ckzyi.edu,21-810-21632,Rewa
Rodrigo Purdy,24ACZFS1375Q174,LXM/CST/157,Nina_Mackenzie2273@uagvw.com,26-427-70142,Burhanpur
Oda Fahey,24ACZFS2266Q178,LXM/CST/158,Tony_Rosenbloom6290@nanoff.software,70-654-16748,Satna
Dallas Shanahan,23AHQPP6159D153,LXM/CST/159,Harry_Mason3945@yafr7.club,31-145-28941,Morena
Kailee Quigley,23BEAPG3477H242,LXM/CST/160,Martin_Harvey5433@v1wn5.zone,90-812-17039,Pithampur
Marilie Macejkovic,23BEAPG6762H219,LXM/CST/161,Maxwell_Harris9500@1wa8o.biz,54-252-51391,Vadodara
Abigale Jast,24AACFA1586J187,LXM/CST/162,Ron_Reid6100@1wa8o.tech,92-859-94648,Surat
Imani Witting,24AACFA4167J194,LXM/CST/163,Skylar_Goodman2365@6ijur.zone,17-237-79582,Gandhinagar
Ruth Goyette,24AKOPP7920H130,LXM/CST/164,Clint_Oldfield17@bu2lo.autos,19-956-12877,Rajkot
Jarrod OKon,24AADCK1831P194,LXM/CST/165,John_Long1923@nmz0p.business,13-868-10191,Bhavnagar
Brendon Lind,24AAMFP8509C171,LXM/CST/166,Anthony_Rainford2645@yfxpw.services,17-500-81406,Rewa
Ashtyn Hermiston I,24AIRPP2978M151,LXM/CST/167,Jack_Watt3858@evyvh.press,71-744-24082,Burhanpur
Raven Bailey,23AWCPK8679B166,LXM/CST/168,Jacqueline_Calderwood5010@karnv.online,28-955-37986,Satna
Mr. Hilda Schaden,24AAFFD9639C192,LXM/CST/169,Mike_Crawford1249@yvu30.zone,51-295-18655,Morena
Nyasia Zemlak,24AAFFD2780C183,LXM/CST/170,Rosemary_Norton4586@evyvh.media,20-150-68574,Pithampur
Zola Hane,24ACGPM9034C162,LXM/CST/171,Marissa_Poulton8931@gnjps.press,37-197-07400,Vadodara
Rocky Kovacek DVM,24ABNPP2787E171,LXM/CST/172,Sebastian_Rowe5509@6ijur.name,68-117-91706,Surat
Justice Goodwin,24ASAPS5363P160,LXM/CST/173,Sofie_Nelson4171@uagvw.design,56-013-21536,Gandhinagar
Vladimir Willms,24AACFA1126J198,LXM/CST/174,Chad_James374@3wbkp.zone,30-124-30009,Rajkot
Maureen Kuphal,24BCLPP4127C261,LXM/CST/175,Renee_Morris4193@jcf8v.tech,94-381-55760,Bhavnagar
Estrella Lang,24ACGPM9485C149,LXM/CST/176,Johnny_Kaur8373@ds59r.autos,64-046-84802,Rewa
Mrs. Theo Robel,24ANXPP3151Q228,LXM/CST/177,Makenzie_Cadman29@yfxpw.mobi,27-679-41931,Burhanpur
Luther Pacocha,24ANXPP6348Q291,LXM/CST/178,John_Yoman1615@p5emz.org,22-167-41674,Satna
Eino Larkin,24ANXPP3102Q278,LXM/CST/179,Andie_Jennson4943@p5emz.autos,88-009-03643,Morena
Ms. Sonia Hilpert,24AZTPP4896J135,LXM/CST/180,Tess_Latham4758@xtwt3.shop,47-864-73139,Pithampur
Tressie Bradtke,24ACZFS9158Q114,LXM/CST/181,Carl_Murphy1626@yahoo.website,98-241-97855,Vadodara
Dulce Glover,24ACZFS1320Q155,LXM/CST/182,Bob_Vaughan9445@dbxli.directory,49-719-79776,Surat
Daphnee Goyette,24AIRPP7297M113,LXM/CST/183,Mya_Edwards7595@nmz0p.design,48-792-35953,Gandhinagar
Ignatius OKeefe,24AACFA8563J171,LXM/CST/184,Benjamin_Shaw490@cke3u.meet,60-358-58694,Rajkot
Marcel Bernhard,24AACFA4555J124,LXM/CST/185,Mike_Higgs8743@urn0m.host,96-005-23424,Bhavnagar
Cathy Metz,24AHJPR5421M294,LXM/CST/186,Natalie_Downing2458@cdpfn.press,68-827-80598,Rewa
Gerald Upton,24AHJPR3809M222,LXM/CST/187,Nina_Cooper2127@nb44i.info,11-449-59297,Burhanpur
Theron Goyette,24BAXPP3737N150,LXM/CST/188,Alessandra_Walsh2194@yvu30.name,33-271-40302,Satna
Santiago Schaefer,24AACFA2107J117,LXM/CST/189,Florence_Johnson9803@xtwt3.ca,44-308-81563,Morena
Maurine Mitchell Sr.,24AACFA2671J156,LXM/CST/190,Melanie_Camden6676@fhuux.property,35-028-34619,Pithampur
Kelly Turcotte,24AJGPP2164E264,LXM/CST/191,Fred_Tindall5434@6ijur.page,99-951-91214,Vadodara
Mr. Lilla Osinski,24ATJPR1984A168,LXM/CST/192,Wade_Neal6485@nb44i.us,72-012-29141,Surat
Mason Flatley,24AQNPK4488H129,LXM/CST/193,Chester_Mccall6029@c2nyu.host,96-838-50157,Gandhinagar
Mrs. Merl Conn,24AKOPP9548H149,LXM/CST/194,Jessica_Forester5888@lyvnc.video,14-902-55730,Rajkot
Dr. Earnest Wintheiser,24ABNPP8105E145,LXM/CST/195,Cassidy_Nicolas4813@bqkv0.works,48-256-51877,Bhavnagar
Antonina Harris,24BCLPP5869C246,LXM/CST/196,Caleb_Weldon5281@fhuux.services,90-176-82382,Rewa
Miss Ericka Denesik,24AAMFP7887C121,LXM/CST/197,Holly_Calderwood6954@avn7d.com,18-254-51304,Burhanpur
Miss Johnnie Brown,24AABFU1361A179,LXM/CST/198,Faith_Ellis1014@gkvds.host,32-021-41821,Satna
Keith Quigley,24DECPS1644C279,LXM/CST/199,Greta_Poulton9787@avn7d.center,67-020-72729,Morena
Uriel DAmore,24AADCK5835P198,LXM/CST/200,Nicole_Mann4508@lyvnc.catering,14-644-79126,Pithampur
Shaina Skiles,24AWXPP2227K129,LXM/CST/201,George_Summers3288@urn0m.digital,27-234-37739,Vadodara
Bennie Windler,24AJXPP6795P172,LXM/CST/202,George_Gaynor1935@cke3u.software,29-514-79855,Surat
Mallory Balistreri,24AJXPP9588P195,LXM/CST/203,Eve_Niles9764@avn7d.video,67-492-52256,Gandhinagar
Clifton Lemke,24AALFB8782B114,LXM/CST/204,Vivian_Gosling1215@ohqqh.auction,58-998-35178,Rajkot
Dillon Grant,24AHJPR9034M254,LXM/CST/205,Melania_Gilmore2809@jcf8v.auction,51-229-43946,Bhavnagar
Karley Quitzon,24AIRPP9876M121,LXM/CST/206,Melania_Vaughn8917@avn7d.mobi,27-243-76416,Rewa
Alberto Stoltenberg,24AKOPP1587H155,LXM/CST/207,Valentina_Powell7568@bqkv0.shop,92-602-10068,Burhanpur
Mr. Rahsaan Friesen,24AKOPP4910H163,LXM/CST/208,Analise_Selby3770@jh02o.video,67-494-69789,Satna
Cydney Pacocha,24AKOPP1498H189,LXM/CST/209,Jules_Bingham5265@karnv.biz,73-224-11375,Morena
Shanon Mitchell,24AKOPP5310H167,LXM/CST/210,Tania_Gordon7862@v1wn5.com,59-314-36673,Pithampur
Nyasia Witting,24BAXPP3960N163,LXM/CST/211,Carl_Collingwood7299@v1wn5.store,88-212-71900,Vadodara
Kim Skiles,24AABFU7541A145,LXM/CST/212,Wade_Hunter4614@urn0m.website,13-954-75679,Surat
Thad Lakin,24ACZFS1863Q159,LXM/CST/213,Harvey_Stubbs2717@ds59r.press,38-330-01459,Gandhinagar
Jose Thompson,24AAMFA7085A177,LXM/CST/214,Julian_Rivers9793@yfxpw.design,41-545-34192,Rajkot
Anastacio Breitenberg,24AMGPP1417K140,LXM/CST/215,Hazel_Mcguire8714@d9un8.software,16-315-26966,Bhavnagar
Brittany Swift,24AUMPR7943E273,LXM/CST/216,Peter_Coll9106@ohqqh.page,41-177-24221,Rewa
Kristopher Ryan,24AEIPA6998F130,LXM/CST/217,Matthew_Willis4685@ckzyi.audio,42-935-47348,Burhanpur
Nella Legros,24AKLPP5032D117,LXM/CST/218,Liam_Leslie6291@zynuu.site,93-008-87482,Satna
Effie Hane,24AIRPP1935M170,LXM/CST/219,Rosalie_Dixon6571@1wa8o.media,49-484-41608,Morena
Lera Labadie,24ATJPR2874A158,LXM/CST/220,Danny_Butler6541@p5emz.software,40-715-08005,Pithampur
Jonatan Weber,24ATJPR8912A182,LXM/CST/221,Cedrick_Wright8120@crzq7.club,43-161-39798,Vadodara
Junior Toy,24AABFU3634A130,LXM/CST/222,Enoch_Baldwin3721@c2nyu.space,91-545-69892,Surat
Fernando Abbott,23AFJPG8574G166,LXM/CST/223,Luna_Gilmour4398@yafr7.site,97-136-58375,Gandhinagar
Micah Anderson,23AFJPG4404G117,LXM/CST/224,Chadwick_Rogers48@ds59r.edu,87-277-80000,Rajkot
Nella Walker,24BENPP4647F144,LXM/CST/225,Juliette_Harrison3265@cke3u.video,93-077-85937,Bhavnagar
Eino Dickens,24BBLPC4246E141,LXM/CST/226,Anthony_Jacobs1697@yahoo.zone,71-763-69520,Rewa
Jameson Wolff,24BBLPC6252E114,LXM/CST/227,Louise_Marshall7701@3wbkp.site,57-827-78047,Burhanpur
Lempi Kreiger,24AACFA3698J116,LXM/CST/228,Jane_Gray8499@lyvnc.club,98-945-33475,Satna
Shane Beatty PhD,24ASAPS8499P149,LXM/CST/229,Brad_Patel1184@d9un8.video,26-452-03396,Morena
Helmer Rowe,24ASAPS9881P157,LXM/CST/230,Maxwell_Reynolds1043@dbxli.org,17-010-05992,Pithampur
Jeramy Cummings,24AUMPR6656E234,LXM/CST/231,Nancy_Stark3660@lhp4j.zone,15-143-35367,Vadodara
Torey Wuckert,24AADCK7437P183,LXM/CST/232,Julius_Walsh3798@6ijur.store,15-556-90641,Surat
Jensen Stiedemann,23ABZPM1332J193,LXM/CST/233,Mark_Moore5244@fhuux.com,74-688-05803,Gandhinagar
Jimmy Volkman,23ABZPM4417J150,LXM/CST/234,Elijah_Aldridge4599@1kmd3.host,33-349-56328,Rajkot
Ariel Berge,23ABZPM6267J138,LXM/CST/235,Brad_Rycroft6374@yfxpw.site,88-929-64355,Bhavnagar
Miss Virginie Welch,23AWCPK2381B135,LXM/CST/236,Vicky_Gilbert6722@yafr7.online,60-069-46034,Rewa
Cletus Schoen PhD,24AUMPR4805E276,LXM/CST/237,Carolyn_Jones6724@bcfhs.website,48-854-66876,Burhanpur
Felicita Littel,24AZTPP5168J176,LXM/CST/238,Ember_Locke2206@d9un8.works,83-517-41424,Satna
Alek Zieme Jr.,24AJXPP9104P116,LXM/CST/239,Carina_Rogers4685@yfxpw.autos,16-442-62378,Morena
Dana Dare,23ABZPM5827J157,LXM/CST/240,Barney_Murray6291@iaart.zone,67-260-61269,Pithampur
Genevieve Bayer,24ARBPP3828F144,LXM/CST/241,Elisabeth_Wallace2118@1kmd3.autos,40-539-21149,Vadodara
Melissa Hudson,24AACFA9868J125,LXM/CST/242,Holly_Webster6271@yvu30.auction,56-919-35528,Surat
Khalil Jacobi Jr.,24AACFA9528J178,LXM/CST/243,Chris_Victor5468@nanoff.space,15-015-03041,Gandhinagar
Gavin Blanda I,23AHWPB8105F121,LXM/CST/244,Mason_Bristow739@ag5wi.club,11-034-62803,Rajkot
Yvonne Schamberger,24AAMFP7435C141,LXM/CST/245,Marie_Miller6428@iaart.website,91-332-27677,Bhavnagar
Eryn Mayer,24AWXPP5369K119,LXM/CST/246,Kimberly_Connell1511@crzq7.zone,88-949-78105,Rewa
Michel Barton,24ADOPP6803H161,LXM/CST/247,Angelina_Rodwell2682@dvqq2.auction,36-000-85512,Burhanpur
Caitlyn Boehm,24ADOPP8432H168,LXM/CST/248,Jenna_Spencer7807@nb44i.solutions,40-734-02666,Satna
Steve Bergnaum,24BXMPD2207C139,LXM/CST/249,Esmeralda_Stanton1432@nanoff.software,88-881-26104,Morena
Karlee Hirthe,24AAMFA7818A111,LXM/CST/250,Brad_Horton5027@c2nyu.space,86-679-35221,Pithampur
Dominique Gorczany,24AAKFA4964B193,LXM/CST/251,Tyson_Penn9478@ag5wi.biz,38-119-45512,Vadodara
Tanya Vandervort,24AETPT6005N197,LXM/CST/252,Beatrice_Saunders5166@voylg.meet,28-395-52552,Surat
Mallory Ziemann,24AETPT9721N137,LXM/CST/253,Holly_Sinclair9306@jh02o.autos,52-391-23265,Gandhinagar
Chanelle Hintz,24AZTPP5206J141,LXM/CST/254,Enoch_Weatcroft4937@crzq7.software,55-948-03832,Rajkot
Lorna Kihn,24BAXPP4960N117,LXM/CST/255,Dorothy_Gilmore6686@xtwt3.design,56-230-24802,Bhavnagar
Kailee Torphy,24AZTPP4138J120,LXM/CST/256,Maria_Spencer2244@c2nyu.zone,56-487-57780,Rewa
Sid Rosenbaum,24AZTPP7552J148,LXM/CST/257,Alessandra_Thomas5014@chkzl.software,59-594-21469,Burhanpur
Ursula Lemke,24ADQFS6291M183,LXM/CST/258,Eve_Patel8351@ptr6k.audio,35-931-97448,Satna
Marielle Nicolas,24AABFU9670A148,LXM/CST/259,Percy_Hill4134@gnjps.space,35-331-22044,Morena
Mr. Brad Graham,24AKOPP9710H164,LXM/CST/260,Rita_Lewis5711@hepmv.site,31-298-95683,Pithampur
Mrs. Wilma Greenholt,24AAMFP8164C127,LXM/CST/261,Rae_Weston865@dbxli.store,62-385-09756,Vadodara
Dr. Estel Beier,24AGIPS5011C165,LXM/CST/262,Michael_Nicholls7952@nb44i.page,74-531-93271,Surat
Jacey Koch,24AALFB6977B118,LXM/CST/263,Valentina_Parr6469@cke3u.edu,43-617-64696,Gandhinagar
Marlee Pagac,23AHQPP7603D124,LXM/CST/264,Danny_Coll6975@ptr6k.directory,28-379-39572,Rajkot
Sarai Jakubowski,23ABZPM1035J131,LXM/CST/265,Nate_Sawyer1964@1wa8o.autos,78-624-46328,Bhavnagar
Mr. Madonna Murphy,24ACVPP4378E155,LXM/CST/266,Mike_Carson3927@fhuux.host,90-749-04814,Rewa
Mitchel VonRueden,24AADCK1902P135,LXM/CST/267,Barry_Quinnell1882@voylg.press,36-419-01242,Burhanpur
Giovanni Wiza,24ADFPP3719H150,LXM/CST/268,Aiden_Amstead8210@mpibr.org,26-121-13166,Satna
Clotilde Quitzon,24ADFPP5210H135,LXM/CST/269,Erick_Camden5649@v1wn5.zone,16-287-75054,Morena
Javon Schulist,24ADFPP6335H154,LXM/CST/270,Percy_Craig6700@xqj6f.center,40-976-92431,Pithampur
Herminia Schulist,23ABZPM6908J168,LXM/CST/271,Elise_Rehman6350@voylg.com,84-871-39347,Vadodara
Trinity Stroman,24AEIPA4328F113,LXM/CST/272,Danny_Knott3095@nanoff.directory,68-720-25127,Surat
Camren Flatley,24ADQFS7974M151,LXM/CST/273,Sofie_Randall127@yafr7.org,43-723-32867,Gandhinagar
Marcus Hauck,24ACGPM2918C197,LXM/CST/274,Alexander_Shelton725@y96lx.business,68-335-53332,Rajkot
Keanu Blanda,24AAIFM6831F177,LXM/CST/275,Moira_Khan1536@voylg.page,68-981-98641,Bhavnagar
Jillian Dicki,24AAIFM3289F148,LXM/CST/276,Peter_Slater6204@zynuu.tech,97-495-17296,Rewa
Zelma Beer,24AJXPP5710P145,LXM/CST/277,Susan_Hamilton7600@qu9ml.mobi,91-152-69170,Burhanpur
Freda Heidenreich MD,24AAJFM9417J137,LXM/CST/278,Bryon_Bolton9347@ohqqh.us,78-078-66439,Satna
Ms. Bettye Emmerich,23ABZPM9336J176,LXM/CST/279,Barry_Reyes3226@yafr7.page,76-564-04709,Morena
Shaun Howell,23ABZPM9365J155,LXM/CST/280,Josephine_Preston8012@lhp4j.us,21-609-68031,Pithampur
Dr. Alanis Huels,24ACZFS6594Q158,LXM/CST/281,Ryan_Butler8118@d9un8.digital,78-682-33131,Vadodara
Mrs. Aubrey Gerlach,24ACZFS5479Q150,LXM/CST/282,Isabella_Thorpe8412@yfxpw.online,19-596-77691,Surat
Linda Von,24BAXPP8481N196,LXM/CST/283,Julius_Alexander4101@d9un8.info,34-220-92159,Gandhinagar
Burnice Gerlach,24BAXPP2959N131,LXM/CST/284,Danny_Collins4358@lhp4j.business,62-091-40459,Rajkot
